{
  "model_name": "MobileNetV3-UNet",
  "source_checkpoint": "/mnt/d/best.pt",
  "phase1_epochs": 40,
  "phase2_epochs": 0,
  "fp_weight": 0.8,
  "fn_weight": 0.2,
  "train_samples": 140,
  "val_samples": 24,
  "best_epoch": 37,
  "best_iou": 0.9588201453344256,
  "best_dice": 0.9789772150528175,
  "best_precision": 0.988917720982503,
  "best_recall": 0.96923456234289,
  "best_val_loss": 0.02609055256471038,
  "source_same_split_iou": 0.8844536791831272,
  "source_same_split_precision": 0.9532310939867957,
  "source_same_split_recall": 0.9245750992908942,
  "iou_delta_same_split": 0.07436646615129838,
  "precision_delta_same_split": 0.03568662699570724,
  "recall_delta_same_split": 0.04465946305199575,
  "decoder_lr": 5e-05,
  "partial_backbone_lr": 5e-06,
  "full_backbone_lr": 5e-06,
  "phase2_decoder_lr": 1e-05,
  "max_epochs": 40
}