{
  "architecture": "MobileNetV3-UNet-AugV2",
  "run_name": "mobilenetv3_unet_cv5_augv2",
  "fold": 3,
  "train_samples": 14642,
  "val_samples": 3660,
  "best_epoch": 15,
  "best_iou": 0.7881175932375495,
  "best_dice": 0.8815053285288591,
  "best_precision": 0.8883581388909162,
  "best_recall": 0.8747574342424991,
  "frozen_epochs": 3,
  "maximum_finetune_epochs": 12
}