{
  "architecture": "MobileNetV3-UNet-AugV2",
  "run_name": "mobilenetv3_unet_cv5_augv2",
  "fold": 1,
  "train_samples": 14642,
  "val_samples": 3660,
  "best_epoch": 12,
  "best_iou": 0.8006690201863339,
  "best_dice": 0.8893017108757504,
  "best_precision": 0.890303324928952,
  "best_recall": 0.8883023479728961,
  "frozen_epochs": 3,
  "maximum_finetune_epochs": 12
}