{
  "architecture": "MobileNetV3-UNet-AugV2",
  "run_name": "mobilenetv3_unet_cv5_augv2",
  "fold": 4,
  "train_samples": 14641,
  "val_samples": 3661,
  "best_epoch": 11,
  "best_iou": 0.7982636566147138,
  "best_dice": 0.8878160370737509,
  "best_precision": 0.8893785001327674,
  "best_recall": 0.8862590542674371,
  "frozen_epochs": 3,
  "maximum_finetune_epochs": 12
}